{"44444":{"name":"xiaoying  Cheng","password":"444444","email":"chloeeexc@gmail.com"},"itm352":{"name":"itm itm","password":"kvehiv","email":"itm352@gmail.com"},"admin123":{"name":"admin admin","password":"ehqmr567","email":"admin@admin123.com"},"testing":{"name":"test test","password":"xiwxmrk567","email":"test@test.com"},"zcxzcx":{"name":"CAIXIN ZHANG","password":"~g|~g|","email":"xxxx@gmail.com"},"johnsmith":{"name":"JOHN SMITH","password":"~g|~g|","email":"chloeeexc@gmail.com"},"johnn":{"name":"john smith","password":"~g|~g|","email":"chloeeexc@gmail.com"},"itmitm":{"name":"ITM THEBEST","password":"mxqmxq","email":"chloeeexc@gmail.com"},"itmitmitm":{"name":"ITM ITM","password":"~g|~g|","email":"chloeeexc@gmail.com"}}