{"44444":{"name":"xiaoying  Cheng","password":"444444","email":"chloeeexc@gmail.com"},"77777":{"name":"jenny cheng","password":"777777","email":"chloeeexc@gmail.com"},"555555":{"name":"Chloe Cheng","password":"5555555","email":"chloeeexc@gmail.com"},"itm352":{"name":"itm352","password":"grader","email":"itm352@hawaii.edu"},"chloecheng":{"name":"Chloe Cheng","password":"121314","email":"chloexc@hawaii.edu"},"chloec":{"name":"Chloe  Cheng","password":"000000","email":"chloeeexc@gmail.com"},"ddddd":{"name":"Ruifen Tan","password":"ssssss","email":"chloeeexc@gmail.com"},"sssss":{"name":"siuns sji","password":"ssssss","email":"jin@gmail.com"},"sdsds":{"name":"Kinglie Tan","password":"aaaaaa","email":"xcd@gmail.com"},"jisjis":{"name":"Ruifen Tan","password":"111111","email":"chloeeexc@gmail.com"},"ijums":{"name":"Jin jin","password":"666666","email":"chloeeexc@gmail.com"},"rrrrr":{"name":"jiu jsd","password":"888888","email":"jin@gmai.com"},"jismhd":{"name":"Kim hnha","password":"848484","email":"chloeeexc@gmail.com"},"jindsj":{"name":"Ruifen Tan","password":"333333","email":"chloeeexc@gmail.com"},"linlin":{"name":"lin lin","password":"eeeeee","email":"lin@gmail.com"},"caixin":{"name":"cai xin","password":"525252","email":"jing@gmail.com"},"jinssjin":{"name":"li xinfei","password":"525252","email":"ki@gmail.com"},"songxi":{"name":"songxi li","password":"songss","email":"song@gmail.com"},"dsdss":{"name":"caixin zhn","password":"dddddd","email":"chloeeexc@gmail.com"},"jian":{"name":"jian guo","password":"303030","email":"chloeeexc@gmail.com"},"kinjin":{"name":"king jin","password":"969696","email":"chloeeexc@gmail.com"},"zcxzcx":{"name":"caixin zhang","password":"zcxzcx","email":"itzccccai@gmail.com"},"qazqaz":{"name":"qazqaz qaz","password":"ue~ue~","email":"xxx@gmail.com"},"zxczxc":{"name":"xxx zcx","password":"~|g~|g","email":"xxx@gmail.com"}}